source_table,source_field,source_value_example,keep_indicator,model_table,model_field_name,comments
r_offers_la,time_period,202122,Keep,fact_la,year_key,Extract first 4 digits
r_offers_la,time_identifier,Academic year,Reject,,,
r_offers_la,geographic_level,National,Reject,fact_la,,Filter to local authority
r_offers_la,country_code,E92000001,Keep,dim_la,country_code,
r_offers_la,country_name,England,Keep,dim_la,country,
r_offers_la,region_code,,Keep,dim_la,region_code,
r_offers_la,region_name,,Keep,dim_la,region,
r_offers_la,new_la_code,,Keep,dim_la,new_la_code,
r_offers_la,old_la_code,,Keep,dim_la,old_la_code,
r_offers_la,la_name,,Keep,dim_la,local_authority,
r_offers_la,school_phase,Primary,Reject,fact_la,,Go off nc_year_admission and use as NC Key
r_offers_la,nc_year_admission,:,Keep,fact_la,nc_key,
r_offers_la,admission_numbers,709911,Keep,fact_la,total_offers,
r_offers_la,applications_received,580771,Keep,fact_la,total_applications,
r_offers_la,online_applications,555594,Keep,fact_la,online_applications,
r_offers_la,online_apps_percent,95.66490062,Reject,,,
r_offers_la,no_of_preferences,:,Keep,fact_la,number_of_preferences,
r_offers_la,first_preference_offers,533014,Keep,fact_la,first_preference_offers,
r_offers_la,first_preference_offers_percent,91.77696545,Reject,,,
r_offers_la,second_preference_offers,28667,Keep,fact_la,second_preference_offers,
r_offers_la,second_preference_offers_percent,4.936024698,Reject,,,
r_offers_la,third_preference_offers,7216,Keep,fact_la,third_preference_offers,
r_offers_la,third_preference_offers_percent,1.242486281,Reject,,,
r_offers_la,one_of_the_three_preference_offers,568897,Keep,fact_la,one_of_the_three_preference_offers,
r_offers_la,one_of_the_three_preference_offers_percent,97.95547643,Reject,,,
r_offers_la,preferred_school_offer,571192,Keep,fact_la,preferred_school_offers,
r_offers_la,preferred_school_offer_percent,98.35064079,Reject,,,
r_offers_la,non_preferred_offer,8828,Keep,fact_la,non_preferred_offers,
r_offers_la,non_preferred_offer_percent,1.52004835,Reject,,,
r_offers_la,no_offer,751,Keep,fact_la,no_offer,
r_offers_la,no_offer_percent,0.129310864,Reject,,,
r_offers_la,schools_in_la_offer,562334,Keep,fact_la,schools_in_la_offers,
r_offers_la,schools_in_la_offer_percent,96.87463392,Reject,,,
r_offers_la,schools_in_another_la_offer,18142,Keep,fact_la,schools_in_another_la_offers,
r_offers_la,schools_in_another_la_offer_percent,3.125366079,Reject,,,
r_offers_la,offers_to_nonapplicants,456,Keep,fact_la,offers_to_nonapplicants,
r_offers_sch,filename,data-in/offers-school/2018_936_waverley_offers_school.csv,Reject,,,
r_offers_sch,intake_year,2018,Keep,fact_school,year_key,
r_offers_sch,school_name,All Saints Church of England (Aided) Infant School,Reject,,,
r_offers_sch,la_code,936,Keep,fact_school,la_key,Use to join to dim_la
r_offers_sch,estab_code,3407,Reject,,,
r_offers_sch,dfe_no,936/3407,Keep,fact_school,school_key,Use to join to dim_school
r_offers_sch,pan,30,Keep,fact_school,published_admission_number,
r_offers_sch,total_preferences,149,Keep,fact_school,total_applications,
r_offers_sch,total_offered,30,Keep,fact_school,total_offers,
r_offers_sch,last_distance_offered,4.19,Keep,fact_school,last_distance_offered,
r_offers_crit,filename,data-in/offers-criteria/2018_936_waverley_offers_crit.csv,Reject,,,
r_offers_crit,intake_year,2018,Keep,fact_criterion,year_key,
r_offers_crit,school_name,All Saints Church of England (Aided) Infant School,Reject,,,
r_offers_crit,la_code,936,Keep,fact_criterion,la_key,Use to join to dim_la
r_offers_crit,estab_code,3407,Reject,,,
r_offers_crit,dfe_no,936/3407,Keep,fact_criterion,school_key,Use to join to dim_school
r_offers_crit,criterion,LAC & PLAC,Keep,dim_criterion,criterion_name,
r_offers_crit,criterion_category,Priority,Keep,dim_criterion,criterion_category,
r_offers_crit,criterion_description,Looked after and previously looked after children,Keep,dim_criterion,criterion_description,
r_offers_crit,priority,1,Keep,fact_criterion,criterion_priority,
r_offers_crit,criterion_offers,0,Keep,fact_criterion,criterion_offers,
r_info,filename,data-in/info/20220425_gias.csv,Reject,fact_school,,Add field for year_key equal to most recent fact_school year
r_info,urn,1E+05,Keep,dim_school,urn,
r_info,la_code,201,Reject,,,
r_info,la_name,City of London,Reject,,,
r_info,establishment_number,3614,Keep,dim_school,establishment_number,
r_info,establishment_name,The Aldgate School,Keep,dim_school,school_name,
r_info,type_of_establishment_name,Voluntary aided school,Keep,dim_school,establishment_type,
r_info,establishment_type_group_name,Local authority maintained schools,Keep,dim_school,funding_type,
r_info,establishment_status_name,Open,Keep,dim_school,school_status,
r_info,reason_establishment_opened_name,Not applicable,Reject,,,
r_info,open_date,,Keep,dim_school,open_date,
r_info,reason_establishment_closed_name,Not applicable,Reject,,,
r_info,close_date,,Keep,dim_school,close_date,
r_info,phase_of_education_name,Primary,Keep,dim_school,phase_type,
r_info,statutory_low_age,3,Keep,dim_school,statutory_low_age,
r_info,statutory_high_age,11,Keep,dim_school,statutory_high_age,
r_info,boarders_name,No boarders,Reject,,,
r_info,nursery_provision_name,Has Nursery Classes,Reject,,,
r_info,official_sixth_form_name,Does not have a sixth form,Reject,,,
r_info,gender_name,Mixed,Reject,,,
r_info,religious_character_name,Church of England,Keep,dim_school,religious_character,
r_info,religious_ethos_name,Does not apply,Reject,,,
r_info,diocese_name,Diocese of London,Reject,,,
r_info,admissions_policy_name,Not applicable,Reject,,,
r_info,school_capacity,276,Keep,fact_school,school_capacity,Associate with most recent year
r_info,special_classes_name,No Special Classes,Reject,,,
r_info,census_date,21-01-2021,Reject,,,
r_info,number_of_pupils,270,Keep,fact_school,number_of_pupils,
r_info,number_of_boys,133,Keep,fact_school,number_of_boys,
r_info,number_of_girls,137,Keep,fact_school,number_of_girls,
r_info,percentage_fsm,13.7,Keep,fact_school,percentage_fsm,
r_info,trust_school_flag_name,Not applicable,Reject,,,
r_info,trusts_name,,Reject,,,
r_info,school_sponsor_flag_name,Not applicable,Reject,,,
r_info,school_sponsors_name,,Reject,,,
r_info,federation_flag_name,Not under a federation,Reject,,,
r_info,federations_name,,Reject,,,
r_info,ukprn,10079319,Reject,,,
r_info,fehe_identifier,,Reject,,,
r_info,further_education_type_name,Not applicable,Reject,,,
r_info,ofsted_last_insp,19-04-2013,Keep,fact_school,ofsted_last_insp,
r_info,last_changed_date,21-02-2022,Reject,,,
r_info,street,St James's Passage,Keep,dim_school,street,
r_info,locality,Duke's Place,Keep,dim_school,locality,
r_info,address3,,Keep,dim_school,address3,
r_info,town,London,Keep,dim_school,town,
r_info,county_name,,Keep,dim_school,county_name,
r_info,postcode,EC3A 5DE,Keep,dim_school,postcode,
r_info,school_website,www.thealdgateschool.org,Keep,dim_school,school_website,
r_info,telephone_num,2072831147,Keep,dim_school,telephone_num,
r_info,head_title_name,Miss,Keep,dim_school,head_title,
r_info,head_first_name,Alexandra,Keep,dim_school,head_first_name,
r_info,head_last_name,Allan,Keep,dim_school,head_last_name,
r_info,head_preferred_job_title,Headteacher,Keep,dim_school,head_preferred_job_title,
r_info,bso_inspectorate_name_name,Not applicable,Reject,,,
r_info,inspectorate_report,,Reject,,,
r_info,date_of_last_inspection_visit,,Reject,,,
r_info,next_inspection_visit,,Reject,,,
r_info,teen_moth_name,Not applicable,Reject,,,
r_info,teen_moth_places,,Reject,,,
r_info,ccf_name,Not applicable,Reject,,,
r_info,senpru_name,Not applicable,Reject,,,
r_info,ebd_name,Not applicable,Reject,,,
r_info,places_pru,,Reject,,,
r_info,ft_prov_name,,Reject,,,
r_info,ed_by_other_name,Not applicable,Reject,,,
r_info,section41approved_name,Not applicable,Reject,,,
r_info,sen1_name,,Reject,,,
r_info,sen2_name,,Reject,,,
r_info,sen3_name,,Reject,,,
r_info,sen4_name,,Reject,,,
r_info,sen5_name,,Reject,,,
r_info,sen6_name,,Reject,,,
r_info,sen7_name,,Reject,,,
r_info,sen8_name,,Reject,,,
r_info,sen9_name,,Reject,,,
r_info,sen10_name,,Reject,,,
r_info,sen11_name,,Reject,,,
r_info,sen12_name,,Reject,,,
r_info,sen13_name,,Reject,,,
r_info,type_of_resourced_provision_name,,Reject,,,
r_info,resourced_provision_on_roll,,Reject,,,
r_info,resourced_provision_capacity,,Reject,,,
r_info,sen_unit_on_roll,,Reject,,,
r_info,sen_unit_capacity,,Reject,,,
r_info,gor_name,London,Reject,,,
r_info,district_administrative_name,City of London,Keep,dim_school,administrative_district,
r_info,administrative_ward_name,Portsoken,Keep,dim_school,administrative_ward,
r_info,parliamentary_constituency_name,Cities of London and Westminster,Reject,,,
r_info,urban_rural_name,(England/Wales) Urban major conurbation,Reject,,,
r_info,gssla_code_name,E09000001,Reject,,,
r_info,easting,533498,Keep,dim_school,easting,Convert to lat/long
r_info,northing,181201,Keep,dim_school,northing,Convert to lat/long
r_info,msoa_name,City of London 001,Reject,,,
r_info,lsoa_name,City of London 001F,Reject,,,
r_info,inspectorate_name_name,,Reject,,,
r_info,sen_stat,,Reject,,,
r_info,sen_no_stat,,Reject,,,
r_info,props_name,,Reject,,,
r_info,ofsted_rating_name,Outstanding,Keep,fact_school,ofsted_rating_name,Also add ofsted_rating_score
r_info,rsc_region_name,North-West London and South-Central England,Reject,,,
r_info,country_name,,Reject,,,
r_info,uprn,200000071925,Reject,,,
r_info,site_name,,Reject,,,
r_info,qab_name_name,Not applicable,Reject,,,
r_info,establishment_accredited_name,Not applicable,Reject,,,
r_info,qab_report,,Reject,,,
r_info,ch_number,,Reject,,,
r_info,msoa_code,E02000001,Reject,,,
r_info,lsoa_code,E01032739,Reject,,,
r_info,fsm,37,Keep,fact_school,fsm,
r_info,linked_establishments,Does not have links,Keep,dim_school,linked_establishments,Pivot to include record
r_ks2,filename,data-in/ks2/2016-850-ks2.csv,Reject,fact_school,,Add field for year_key equal to most recent fact_school year
r_ks2,RECTYPE,1,Reject,fact_school,,Filter to RECTYPE = 1
r_ks2,ALPHAIND,11522,Reject,,,
r_ks2,LEA,850,Reject,,,
r_ks2,ESTAB,2229,Keep,fact_school,school_key,Combine to form Dfe Number and use to link to dim_school
r_ks2,URN,115976,Reject,,,
r_ks2,SCHNAME,Church Crookham Junior School,Reject,,,
r_ks2,ADDRESS1,Tweseldown Road,Reject,,,
r_ks2,ADDRESS2,Church Crookham,Reject,,,
r_ks2,ADDRESS3,,Reject,,,
r_ks2,TOWN,Fleet,Reject,,,
r_ks2,PCODE,GU52 8BN,Reject,,,
r_ks2,TELNUM,0125 2617664,Reject,,,
r_ks2,URN_AC,0,Reject,,,
r_ks2,SCHNAME_AC,,Reject,,,
r_ks2,OPEN_AC,,Reject,,,
r_ks2,NFTYPE,CY,Reject,,,
r_ks2,ICLOSE,0,Reject,,,
r_ks2,RELDENOM,Does not apply,Reject,,,
r_ks2,AGERANGE,7-11,Reject,,,
r_ks2,CONFEXAM,,Reject,,,
r_ks2,TAB15,0,Reject,,,
r_ks2,TAB1618,0,Reject,,,
r_ks2,TOTPUPS,465,Reject,,,
r_ks2,TPUPYEAR,107,Reject,,,
r_ks2,TELIG,109,Keep,fact_school,ks2_eligible_pupils,
r_ks2,BELIG,48,Keep,fact_school,ks2_eligible_boys,
r_ks2,GELIG,61,Keep,fact_school,ks2_eligible_girls,
r_ks2,PBELIG,44%,Reject,,,
r_ks2,PGELIG,56%,Reject,,,
r_ks2,TKS1AVERAGE,16.7,Reject,,,
r_ks2,TKS1GROUP_L,8,Reject,,,
r_ks2,PTKS1GROUP_L,7%,Reject,,,
r_ks2,TKS1GROUP_M,60,Reject,,,
r_ks2,PTKS1GROUP_M,56%,Reject,,,
r_ks2,TKS1GROUP_H,40,Reject,,,
r_ks2,PTKS1GROUP_H,37%,Reject,,,
r_ks2,TKS1GROUP_NA,1,Reject,,,
r_ks2,PTKS1GROUP_NA,1%,Reject,,,
r_ks2,TFSM6CLA1A,17,Reject,,,
r_ks2,PTFSM6CLA1A,16%,Reject,,,
r_ks2,TNotFSM6CLA1A,92,Reject,,,
r_ks2,PTNotFSM6CLA1A,84%,Reject,,,
r_ks2,TEALGRP2,8,Reject,,,
r_ks2,PTEALGRP2,7%,Reject,,,
r_ks2,TMOBN,98,Reject,,,
r_ks2,PTMOBN,90%,Reject,,,
r_ks2,TSENELSE,4,Reject,,,
r_ks2,PSENELSE,4%,Reject,,,
r_ks2,PTRWM_EXP,72%,Reject,,,
r_ks2,PTRWM_HIGH,17%,Reject,,,
r_ks2,READPROG,1.2,Keep,fact_school,ks2_reading_progress,
r_ks2,READPROG_LOWER,0.0,Reject,,,
r_ks2,READPROG_UPPER,2.4,Reject,,,
r_ks2,READCOV,94%,Reject,,,
r_ks2,WRITPROG,2.3,Keep,fact_school,ks2_writing_progress,
r_ks2,WRITPROG_LOWER,1.2,Reject,,,
r_ks2,WRITPROG_UPPER,3.4,Reject,,,
r_ks2,WRITCOV,99%,Reject,,,
r_ks2,MATPROG,-0.1,Keep,fact_school,ks2_maths_progress,
r_ks2,MATPROG_LOWER,-1.2,Reject,,,
r_ks2,MATPROG_UPPER,1.0,Reject,,,
r_ks2,MATCOV,94%,Reject,,,
r_ks2,PTREAD_EXP,78%,Reject,,,
r_ks2,PTREAD_HIGH,42%,Reject,,,
r_ks2,PTREAD_AT,0%,Reject,,,
r_ks2,READ_AVERAGE,107,Reject,,,
r_ks2,PTGPS_EXP,80%,Reject,,,
r_ks2,PTGPS_HIGH,31%,Reject,,,
r_ks2,PTGPS_AT,0%,Reject,,,
r_ks2,GPS_AVERAGE,106,Reject,,,
r_ks2,PTMAT_EXP,77%,Reject,,,
r_ks2,PTMAT_HIGH,28%,Reject,,,
r_ks2,PTMAT_AT,0%,Reject,,,
r_ks2,MAT_AVERAGE,106,Reject,,,
r_ks2,PTWRITTA_EXP,85%,Reject,,,
r_ks2,PTWRITTA_HIGH,39%,Reject,,,
r_ks2,PTWRITTA_WTS,15%,Reject,,,
r_ks2,PTWRITTA_AD,0%,Reject,,,
r_ks2,PTSCITA_EXP,85%,Reject,,,
r_ks2,PTSCITA_AD,0%,Reject,,,
r_ks2,PTREADTA_EXP,86%,Reject,,,
r_ks2,PTREADTA_AD,0%,Reject,,,
r_ks2,PTMATTA_EXP,82%,Reject,,,
r_ks2,PTMATTA_AD,0%,Reject,,,
r_ks2,PTRWM_EXP_B,71%,Reject,,,
r_ks2,PTRWM_EXP_G,74%,Reject,,,
r_ks2,PTRWM_EXP_L,0%,Reject,,,
r_ks2,PTRWM_EXP_M,63%,Reject,,,
r_ks2,PTRWM_EXP_H,100%,Reject,,,
r_ks2,PTRWM_EXP_FSM6CLA1A,59%,Reject,,,
r_ks2,PTRWM_EXP_NotFSM6CLA1A,75%,Reject,,,
r_ks2,DIFFN_RWM_EXP,-8,Reject,,,
r_ks2,PTRWM_EXP_EAL,63%,Reject,,,
r_ks2,PTRWM_EXP_MOBN,73%,Reject,,,
r_ks2,PTRWM_HIGH_B,15%,Reject,,,
r_ks2,PTRWM_HIGH_G,18%,Reject,,,
r_ks2,PTRWM_HIGH_L,0%,Reject,,,
r_ks2,PTRWM_HIGH_M,3%,Reject,,,
r_ks2,PTRWM_HIGH_H,38%,Reject,,,
r_ks2,PTRWM_HIGH_FSM6CLA1A,6%,Reject,,,
r_ks2,PTRWM_HIGH_NotFSM6CLA1A,18%,Reject,,,
r_ks2,DIFFN_RWM_HIGH,-5,Reject,,,
r_ks2,PTRWM_HIGH_EAL,0%,Reject,,,
r_ks2,PTRWM_HIGH_MOBN,18%,Reject,,,
r_ks2,READPROG_B,1.1,Reject,,,
r_ks2,READPROG_B_LOWER,-0.7,Reject,,,
r_ks2,READPROG_B_UPPER,2.9,Reject,,,
r_ks2,READPROG_G,1.3,Reject,,,
r_ks2,READPROG_G_LOWER,-0.3,Reject,,,
r_ks2,READPROG_G_UPPER,2.9,Reject,,,
r_ks2,READPROG_L,SUPP,Reject,,,
r_ks2,READPROG_L_LOWER,SUPP,Reject,,,
r_ks2,READPROG_L_UPPER,SUPP,Reject,,,
r_ks2,READPROG_M,0.6,Reject,,,
r_ks2,READPROG_M_LOWER,-1.0,Reject,,,
r_ks2,READPROG_M_UPPER,2.2,Reject,,,
r_ks2,READPROG_H,2.3,Reject,,,
r_ks2,READPROG_H_LOWER,0.4,Reject,,,
r_ks2,READPROG_H_UPPER,4.2,Reject,,,
r_ks2,READPROG_FSM6CLA1A,-0.3,Reject,,,
r_ks2,READPROG_FSM6CLA1A_LOWER,-3.3,Reject,,,
r_ks2,READPROG_FSM6CLA1A_UPPER,2.7,Reject,,,
r_ks2,READPROG_NotFSM6CLA1A,1.5,Reject,,,
r_ks2,READPROG_NotFSM6CLA1A_LOWER,0.2,Reject,,,
r_ks2,READPROG_NotFSM6CLA1A_UPPER,2.8,Reject,,,
r_ks2,DIFFN_READPROG,-0.6,Reject,,,
r_ks2,READPROG_EAL,1.0,Reject,,,
r_ks2,READPROG_EAL_LOWER,-3.6,Reject,,,
r_ks2,READPROG_EAL_UPPER,5.6,Reject,,,
r_ks2,READPROG_MOBN,1.5,Reject,,,
r_ks2,READPROG_MOBN_LOWER,0.2,Reject,,,
r_ks2,READPROG_MOBN_UPPER,2.8,Reject,,,
r_ks2,WRITPROG_B,0.9,Reject,,,
r_ks2,WRITPROG_B_LOWER,-0.8,Reject,,,
r_ks2,WRITPROG_B_UPPER,2.6,Reject,,,
r_ks2,WRITPROG_G,3.4,Reject,,,
r_ks2,WRITPROG_G_LOWER,1.9,Reject,,,
r_ks2,WRITPROG_G_UPPER,4.9,Reject,,,
r_ks2,WRITPROG_L,2.6,Reject,,,
r_ks2,WRITPROG_L_LOWER,-1.6,Reject,,,
r_ks2,WRITPROG_L_UPPER,6.8,Reject,,,
r_ks2,WRITPROG_M,1.7,Reject,,,
r_ks2,WRITPROG_M_LOWER,0.2,Reject,,,
r_ks2,WRITPROG_M_UPPER,3.2,Reject,,,
r_ks2,WRITPROG_H,3.1,Reject,,,
r_ks2,WRITPROG_H_LOWER,1.2,Reject,,,
r_ks2,WRITPROG_H_UPPER,5.0,Reject,,,
r_ks2,WRITPROG_FSM6CLA1A,1.7,Reject,,,
r_ks2,WRITPROG_FSM6CLA1A_LOWER,-1.2,Reject,,,
r_ks2,WRITPROG_FSM6CLA1A_UPPER,4.6,Reject,,,
r_ks2,WRITPROG_NotFSM6CLA1A,2.4,Reject,,,
r_ks2,WRITPROG_NotFSM6CLA1A_LOWER,1.2,Reject,,,
r_ks2,WRITPROG_NotFSM6CLA1A_UPPER,3.6,Reject,,,
r_ks2,DIFFN_WRITPROG,1.5,Reject,,,
r_ks2,WRITPROG_EAL,4.3,Reject,,,
r_ks2,WRITPROG_EAL_LOWER,0.1,Reject,,,
r_ks2,WRITPROG_EAL_UPPER,8.5,Reject,,,
r_ks2,WRITPROG_MOBN,2.4,Reject,,,
r_ks2,WRITPROG_MOBN_LOWER,1.2,Reject,,,
r_ks2,WRITPROG_MOBN_UPPER,3.6,Reject,,,
r_ks2,MATPROG_B,0.4,Reject,,,
r_ks2,MATPROG_B_LOWER,-1.2,Reject,,,
r_ks2,MATPROG_B_UPPER,2.0,Reject,,,
r_ks2,MATPROG_G,-0.6,Reject,,,
r_ks2,MATPROG_G_LOWER,-2.1,Reject,,,
r_ks2,MATPROG_G_UPPER,0.9,Reject,,,
r_ks2,MATPROG_L,SUPP,Reject,,,
r_ks2,MATPROG_L_LOWER,SUPP,Reject,,,
r_ks2,MATPROG_L_UPPER,SUPP,Reject,,,
r_ks2,MATPROG_M,-0.3,Reject,,,
r_ks2,MATPROG_M_LOWER,-1.7,Reject,,,
r_ks2,MATPROG_M_UPPER,1.1,Reject,,,
r_ks2,MATPROG_H,0.0,Reject,,,
r_ks2,MATPROG_H_LOWER,-1.7,Reject,,,
r_ks2,MATPROG_H_UPPER,1.7,Reject,,,
r_ks2,MATPROG_FSM6CLA1A,-0.5,Reject,,,
r_ks2,MATPROG_FSM6CLA1A_LOWER,-3.2,Reject,,,
r_ks2,MATPROG_FSM6CLA1A_UPPER,2.2,Reject,,,
r_ks2,MATPROG_NotFSM6CLA1A,-0.1,Reject,,,
r_ks2,MATPROG_NotFSM6CLA1A_LOWER,-1.3,Reject,,,
r_ks2,MATPROG_NotFSM6CLA1A_UPPER,1.1,Reject,,,
r_ks2,DIFFN_MATPROG,-0.8,Reject,,,
r_ks2,MATPROG_EAL,-0.9,Reject,,,
r_ks2,MATPROG_EAL_LOWER,-4.8,Reject,,,
r_ks2,MATPROG_EAL_UPPER,3.0,Reject,,,
r_ks2,MATPROG_MOBN,0.2,Reject,,,
r_ks2,MATPROG_MOBN_LOWER,-0.9,Reject,,,
r_ks2,MATPROG_MOBN_UPPER,1.3,Reject,,,
r_ks2,READ_AVERAGE_B,106,Reject,,,
r_ks2,READ_AVERAGE_G,108,Reject,,,
r_ks2,READ_AVERAGE_L,94,Reject,,,
r_ks2,READ_AVERAGE_M,104,Reject,,,
r_ks2,READ_AVERAGE_H,113,Reject,,,
r_ks2,READ_AVERAGE_FSM6CLA1A,103,Reject,,,
r_ks2,READ_AVERAGE_NotFSM6CLA1A,108,Reject,,,
r_ks2,READ_AVERAGE_EAL,106,Reject,,,
r_ks2,READ_AVERAGE_MOBN,108,Reject,,,
r_ks2,MAT_AVERAGE_B,105,Reject,,,
r_ks2,MAT_AVERAGE_G,106,Reject,,,
r_ks2,MAT_AVERAGE_L,95,Reject,,,
r_ks2,MAT_AVERAGE_M,103,Reject,,,
r_ks2,MAT_AVERAGE_H,111,Reject,,,
r_ks2,MAT_AVERAGE_FSM6CLA1A,103,Reject,,,
r_ks2,MAT_AVERAGE_NotFSM6CLA1A,106,Reject,,,
r_ks2,MAT_AVERAGE_EAL,102,Reject,,,
r_ks2,MAT_AVERAGE_MOBN,106,Reject,,,
r_ks2,GPS_AVERAGE_B,105,Reject,,,
r_ks2,GPS_AVERAGE_G,107,Reject,,,
r_ks2,GPS_AVERAGE_L,94,Reject,,,
r_ks2,GPS_AVERAGE_M,104,Reject,,,
r_ks2,GPS_AVERAGE_H,111,Reject,,,
r_ks2,GPS_AVERAGE_FSM6CLA1A,102,Reject,,,
r_ks2,GPS_AVERAGE_NotFSM6CLA1A,107,Reject,,,
r_ks2,GPS_AVERAGE_EAL,103,Reject,,,
r_ks2,GPS_AVERAGE_MOBN,107,Reject,,,
r_ks2,PTREAD_EXP_L,13%,Reject,,,
r_ks2,PTREAD_EXP_M,72%,Reject,,,
r_ks2,PTREAD_EXP_H,100%,Reject,,,
r_ks2,PTREAD_EXP_FSM6CLA1A,59%,Reject,,,
r_ks2,PTREAD_EXP_NotFSM6CLA1A,82%,Reject,,,
r_ks2,PTGPS_EXP_L,0%,Reject,,,
r_ks2,PTGPS_EXP_M,77%,Reject,,,
r_ks2,PTGPS_EXP_H,100%,Reject,,,
r_ks2,PTGPS_EXP_FSM6CLA1A,65%,Reject,,,
r_ks2,PTGPS_EXP_NotFSM6CLA1A,83%,Reject,,,
r_ks2,PTMAT_EXP_L,13%,Reject,,,
r_ks2,PTMAT_EXP_M,70%,Reject,,,
r_ks2,PTMAT_EXP_H,100%,Reject,,,
r_ks2,PTMAT_EXP_FSM6CLA1A,71%,Reject,,,
r_ks2,PTMAT_EXP_NotFSM6CLA1A,78%,Reject,,,
r_ks2,PTWRITTA_EXP_L,13%,Reject,,,
r_ks2,PTWRITTA_EXP_M,85%,Reject,,,
r_ks2,PTWRITTA_EXP_H,100%,Reject,,,
r_ks2,PTWRITTA_EXP_FSM6CLA1A,76%,Reject,,,
r_ks2,PTWRITTA_EXP_NotFSM6CLA1A,87%,Reject,,,
r_ks2,PTREAD_HIGH_L,0%,Reject,,,
r_ks2,PTREAD_HIGH_M,22%,Reject,,,
r_ks2,PTREAD_HIGH_H,80%,Reject,,,
r_ks2,PTREAD_HIGH_FSM6CLA1A,35%,Reject,,,
r_ks2,PTREAD_HIGH_NotFSM6CLA1A,43%,Reject,,,
r_ks2,PTGPS_HIGH_L,0%,Reject,,,
r_ks2,PTGPS_HIGH_M,17%,Reject,,,
r_ks2,PTGPS_HIGH_H,58%,Reject,,,
r_ks2,PTGPS_HIGH_FSM6CLA1A,12%,Reject,,,
r_ks2,PTGPS_HIGH_NotFSM6CLA1A,35%,Reject,,,
r_ks2,PTMAT_HIGH_L,0%,Reject,,,
r_ks2,PTMAT_HIGH_M,13%,Reject,,,
r_ks2,PTMAT_HIGH_H,55%,Reject,,,
r_ks2,PTMAT_HIGH_FSM6CLA1A,12%,Reject,,,
r_ks2,PTMAT_HIGH_NotFSM6CLA1A,32%,Reject,,,
r_ks2,PTWRITTA_HIGH_L,0%,Reject,,,
r_ks2,PTWRITTA_HIGH_M,15%,Reject,,,
r_ks2,PTWRITTA_HIGH_H,80%,Reject,,,
r_ks2,PTWRITTA_HIGH_FSM6CLA1A,24%,Reject,,,
r_ks2,PTWRITTA_HIGH_NotFSM6CLA1A,41%,Reject,,,
r_ks2,TEALGRP1,101,Reject,,,
r_ks2,PTEALGRP1,93%,Reject,,,
r_ks2,TEALGRP3,0,Reject,,,
r_ks2,PTEALGRP3,0%,Reject,,,
r_ks2,TSENELAPK,11,Reject,,,
r_ks2,PSENELSAPK,10%,Reject,,,
r_ks2,TSENELE,4,Reject,,,
r_ks2,PSENELE,4%,Reject,,,
r_ks2,TSENELK,11,Reject,,,
r_ks2,PSENELK,10%,Reject,,,
r_ks2,TSENELST,0,Reject,,,
r_ks2,PSENELST,0%,Reject,,,
r_ks2,TSENELSAP,0,Reject,,,
r_ks2,PSENELSAP,0%,Reject,,,
r_ks2,SENELN,0,Reject,,,
r_ks2,PSENELN,0%,Reject,,,
r_ks2,PTFSM6CLA1A_16,15%,Reject,,,
r_ks2,PTNOTFSM6CLA1A_16,85%,Reject,,,
r_ks2,PTRWM_EXP_16,68%,Reject,,,
r_ks2,PTRWM_HIGH_16,10%,Reject,,,
r_ks2,PTRWM_EXP_FSM6CLA1A_16,43%,Reject,,,
r_ks2,PTRWM_EXP_NotFSM6CLA1A_16,72%,Reject,,,
r_ks2,PTRWM_HIGH_FSM6CLA1A_16,0%,Reject,,,
r_ks2,PTRWM_HIGH_NotFSM6CLA1A_16,11%,Reject,,,
r_ks2,READPROG_16,1.6,Reject,,,
r_ks2,READPROG_LOWER_16,0.3,Reject,,,
r_ks2,READPROG_UPPER_16,2.9,Reject,,,
r_ks2,WRITPROG_16,1.2,Reject,,,
r_ks2,WRITPROG_LOWER_16,-0.1,Reject,,,
r_ks2,WRITPROG_UPPER_16,2.5,Reject,,,
r_ks2,MATPROG_16,0.3,Reject,,,
r_ks2,MATPROG_LOWER_16,-0.8,Reject,,,
r_ks2,MATPROG_UPPER_16,1.4,Reject,,,
r_ks2,READ_AVERAGE_16,105,Reject,,,
r_ks2,MAT_AVERAGE_16,104,Reject,,,
r_ks2,PTFSM6CLA1A_17,,Reject,,,
r_ks2,PTNOTFSM6CLA1A_17,,Reject,,,
r_ks2,PTRWM_EXP_17,,Reject,,,
r_ks2,PTRWM_HIGH_17,,Reject,,,
r_ks2,PTRWM_EXP_FSM6CLA1A_17,,Reject,,,
r_ks2,PTRWM_HIGH_FSM6CLA1A_17,,Reject,,,
r_ks2,PTRWM_EXP_NotFSM6CLA1A_17,,Reject,,,
r_ks2,PTRWM_HIGH_NotFSM6CLA1A_17,,Reject,,,
r_ks2,READPROG_17,,Reject,,,
r_ks2,READPROG_LOWER_17,,Reject,,,
r_ks2,READPROG_UPPER_17,,Reject,,,
r_ks2,WRITPROG_17,,Reject,,,
r_ks2,WRITPROG_LOWER_17,,Reject,,,
r_ks2,WRITPROG_UPPER_17,,Reject,,,
r_ks2,MATPROG_17,,Reject,,,
r_ks2,MATPROG_LOWER_17,,Reject,,,
r_ks2,MATPROG_UPPER_17,,Reject,,,
r_ks2,READ_AVERAGE_17,,Reject,,,
r_ks2,MAT_AVERAGE_17,,Reject,,,
r_ks2,TELIG_3YR,,Reject,,,
r_ks2,PTRWM_EXP_3YR,,Reject,,,
r_ks2,PTRWM_HIGH_3YR,,Reject,,,
r_ks2,READ_AVERAGE_3YR,,Reject,,,
r_ks2,MAT_AVERAGE_3YR,,Reject,,,
r_ks2,READPROG_UNADJUSTED,,Reject,,,
r_ks2,WRITPROG_UNADJUSTED,,Reject,,,
r_ks2,MATPROG_UNADJUSTED,,Reject,,,
r_ks2,READPROG_DESCR_16,,Reject,,,
r_ks2,WRITPROG_DESCR_16,,Reject,,,
r_ks2,MATPROG_DESCR_16,,Reject,,,
r_ks2,READPROG_DESCR_17,,Reject,,,
r_ks2,WRITPROG_DESCR_17,,Reject,,,
r_ks2,MATPROG_DESCR_17,,Reject,,,
r_ks2,READPROG_DESCR,,Reject,,,
r_ks2,WRITPROG_DESCR,,Reject,,,
r_ks2,MATPROG_DESCR,,Reject,,,
r_ks2,PCON_CODE,,Reject,,,
r_ks2,PCON_NAME,,Reject,,,
r_ks2,TSENELEK,,Reject,,,
r_ks2,PSENELEK,,Reject,,,
r_ks2,TELIG_18,,Reject,,,
r_ks2,PTFSM6CLA1A_18,,Reject,,,
r_ks2,PTNOTFSM6CLA1A_18,,Reject,,,
r_ks2,PTRWM_EXP_18,,Reject,,,
r_ks2,PTRWM_HIGH_18,,Reject,,,
r_ks2,PTRWM_EXP_FSM6CLA1A_18,,Reject,,,
r_ks2,PTRWM_HIGH_FSM6CLA1A_18,,Reject,,,
r_ks2,PTRWM_EXP_NotFSM6CLA1A_18,,Reject,,,
r_ks2,PTRWM_HIGH_NotFSM6CLA1A_18,,Reject,,,
r_ks2,READPROG_18,,Reject,,,
r_ks2,READPROG_LOWER_18,,Reject,,,
r_ks2,READPROG_UPPER_18,,Reject,,,
r_ks2,WRITPROG_18,,Reject,,,
r_ks2,WRITPROG_LOWER_18,,Reject,,,
r_ks2,WRITPROG_UPPER_18,,Reject,,,
r_ks2,MATPROG_18,,Reject,,,
r_ks2,MATPROG_LOWER_18,,Reject,,,
r_ks2,MATPROG_UPPER_18,,Reject,,,
r_ks2,READ_AVERAGE_18,,Reject,,,
r_ks2,MAT_AVERAGE_18,,Reject,,,
r_ks2,TELIG_17,,Reject,,,
r_ks2,READPROG_DESCR_18,,Reject,,,
r_ks2,WRITPROG_DESCR_18,,Reject,,,
r_ks2,MATPROG_DESCR_18,,Reject,,,
r_nc,filename,data-in/nc/national-curriculum-years.csv,Reject,,,
r_nc,nc_key,1,Keep,dim_nc,nc_key,
r_nc,nc_year,R,Keep,dim_nc,nc_year,
r_nc,nc_year_description,Reception,Keep,dim_nc,nc_year_description,
r_nc,education_phase,Primary,Keep,dim_nc,education_phase,
r_nc,education_subphase,Infant,Keep,dim_nc,education_subphase,
r_nc,key_stage,EYFS,Keep,dim_nc,key_stage,
r_nc,statutory_age_min,4,Keep,dim_nc,statutory_age_min,
r_nc,statutory_age_max,5,Keep,dim_nc,statutory_age_max,
r_year,filename,data-in/year/year.csv,Reject,,,
r_year,year_key,2000,Keep,dim_year,year_key,
r_year,academic_year_start,2000,Keep,dim_year,academic_year_start,
r_year,academic_year_end,2001,Keep,dim_year,academic_year_end,
r_year,academic_year_full,2000-2001,Keep,dim_year,academic_year_full,
r_year,academic_year_short,00-01,Keep,dim_year,academic_year_short,
r_year,covid_indicator,Pre-Pandemic,Keep,dim_year,covid_indicator,